{
  "target": {
    "name": "codal-microbit-v2",
    "url": "https://github.com/lancaster-university/codal-microbit-v2",
    "branch": "v0.2.68",
    "type": "git"
  },
  "definitions": {
    "MICROBIT_DAL_BLUETOOTH_PRIVATE_ADDRESSING": 0,
    "MICROBIT_DAL_BLUETOOTH_ADVERTISING_TIMEOUT": 0,
    "MICROBIT_DAL_BLUETOOTH_TX_POWER": 6,
    "MICROBIT_DAL_BLUETOOTH_DFU_SERVICE": 1,
    "MICROBIT_DAL_BLUETOOTH_EVENT_SERVICE": 1,
    "MICROBIT_DAL_BLUETOOTH_DEVICE_INFO_SERVICE": 1,
    "MICROBIT_DAL_BLUETOOTH_EDDYSTONE_URL": 1,
    "MICROBIT_DAL_BLUETOOTH_EDDYSTONE_UID": 1,
    "MICROBIT_DAL_BLUETOOTH_OPEN": 0,
    "MICROBIT_DAL_BLUETOOTH_PAIRING_MODE": 1,
    "MICROBIT_DAL_BLUETOOTH_WHITELIST": 1,
    "MICROBIT_DAL_BLUETOOTH_SECURITY_LEVEL": "SECURITY_MODE_ENCRYPTION_NO_MITM",
    "MICROBIT_DAL_BLUETOOTH_PARTIAL_FLASHING": 1,
    "MICROBIT_DAL_FIBER_USER_DATA": 1,
    "MICROBIT_DAL_PXT": 1,
    "YOTTA_CFG_MICROBIT_DAL_BLUETOOTH_PRIVATE_ADDRESSING": 0,
    "YOTTA_CFG_MICROBIT_DAL_BLUETOOTH_ADVERTISING_TIMEOUT": 0,
    "YOTTA_CFG_MICROBIT_DAL_BLUETOOTH_TX_POWER": 6,
    "YOTTA_CFG_MICROBIT_DAL_BLUETOOTH_DFU_SERVICE": 1,
    "YOTTA_CFG_MICROBIT_DAL_BLUETOOTH_EVENT_SERVICE": 1,
    "YOTTA_CFG_MICROBIT_DAL_BLUETOOTH_DEVICE_INFO_SERVICE": 1,
    "YOTTA_CFG_MICROBIT_DAL_BLUETOOTH_EDDYSTONE_URL": 1,
    "YOTTA_CFG_MICROBIT_DAL_BLUETOOTH_EDDYSTONE_UID": 1,
    "YOTTA_CFG_MICROBIT_DAL_BLUETOOTH_OPEN": 0,
    "YOTTA_CFG_MICROBIT_DAL_BLUETOOTH_PAIRING_MODE": 1,
    "YOTTA_CFG_MICROBIT_DAL_BLUETOOTH_WHITELIST": 1,
    "YOTTA_CFG_MICROBIT_DAL_BLUETOOTH_SECURITY_LEVEL": "SECURITY_MODE_ENCRYPTION_NO_MITM",
    "YOTTA_CFG_MICROBIT_DAL_BLUETOOTH_PARTIAL_FLASHING": 1,
    "YOTTA_CFG_MICROBIT_DAL_FIBER_USER_DATA": 1,
    "YOTTA_CFG_MICROBIT_DAL_PXT": 1,
    "PXT_TARGET": "\"microbit\""
  },
  "config": {
    "MICROBIT_DAL_BLUETOOTH_PRIVATE_ADDRESSING": 0,
    "MICROBIT_DAL_BLUETOOTH_ADVERTISING_TIMEOUT": 0,
    "MICROBIT_DAL_BLUETOOTH_TX_POWER": 6,
    "MICROBIT_DAL_BLUETOOTH_DFU_SERVICE": 1,
    "MICROBIT_DAL_BLUETOOTH_EVENT_SERVICE": 1,
    "MICROBIT_DAL_BLUETOOTH_DEVICE_INFO_SERVICE": 1,
    "MICROBIT_DAL_BLUETOOTH_EDDYSTONE_URL": 1,
    "MICROBIT_DAL_BLUETOOTH_EDDYSTONE_UID": 1,
    "MICROBIT_DAL_BLUETOOTH_OPEN": 0,
    "MICROBIT_DAL_BLUETOOTH_PAIRING_MODE": 1,
    "MICROBIT_DAL_BLUETOOTH_WHITELIST": 1,
    "MICROBIT_DAL_BLUETOOTH_SECURITY_LEVEL": "SECURITY_MODE_ENCRYPTION_NO_MITM",
    "MICROBIT_DAL_BLUETOOTH_PARTIAL_FLASHING": 1,
    "MICROBIT_DAL_FIBER_USER_DATA": 1,
    "MICROBIT_DAL_PXT": 1,
    "YOTTA_CFG_MICROBIT_DAL_BLUETOOTH_PRIVATE_ADDRESSING": 0,
    "YOTTA_CFG_MICROBIT_DAL_BLUETOOTH_ADVERTISING_TIMEOUT": 0,
    "YOTTA_CFG_MICROBIT_DAL_BLUETOOTH_TX_POWER": 6,
    "YOTTA_CFG_MICROBIT_DAL_BLUETOOTH_DFU_SERVICE": 1,
    "YOTTA_CFG_MICROBIT_DAL_BLUETOOTH_EVENT_SERVICE": 1,
    "YOTTA_CFG_MICROBIT_DAL_BLUETOOTH_DEVICE_INFO_SERVICE": 1,
    "YOTTA_CFG_MICROBIT_DAL_BLUETOOTH_EDDYSTONE_URL": 1,
    "YOTTA_CFG_MICROBIT_DAL_BLUETOOTH_EDDYSTONE_UID": 1,
    "YOTTA_CFG_MICROBIT_DAL_BLUETOOTH_OPEN": 0,
    "YOTTA_CFG_MICROBIT_DAL_BLUETOOTH_PAIRING_MODE": 1,
    "YOTTA_CFG_MICROBIT_DAL_BLUETOOTH_WHITELIST": 1,
    "YOTTA_CFG_MICROBIT_DAL_BLUETOOTH_SECURITY_LEVEL": "SECURITY_MODE_ENCRYPTION_NO_MITM",
    "YOTTA_CFG_MICROBIT_DAL_BLUETOOTH_PARTIAL_FLASHING": 1,
    "YOTTA_CFG_MICROBIT_DAL_FIBER_USER_DATA": 1,
    "YOTTA_CFG_MICROBIT_DAL_PXT": 1,
    "PXT_TARGET": "\"microbit\""
  },
  "application": "pxtapp",
  "output_folder": "build",
  "pxt_gitrepo": "lancaster-university/microbit-v2-samples",
  "pxt_gittag": "v0.2.13"
}