{
  "config": {
    "microbit_dal": {
      "bluetooth": {
        "private_addressing": 0,
        "advertising_timeout": 0,
        "tx_power": 6,
        "dfu_service": 1,
        "event_service": 1,
        "device_info_service": 1,
        "eddystone_url": 1,
        "eddystone_uid": 1,
        "open": 0,
        "pairing_mode": 1,
        "whitelist": 1,
        "security_level": "SECURITY_MODE_ENCRYPTION_NO_MITM",
        "partial_flashing": 1
      },
      "fiber_user_data": 1,
      "pxt": 1
    },
    "PXT_TARGET": "\"microbit\""
  },
  "dependencies": {
    "microbit": "lancaster-university/microbit#v2.2.0-rc6"
  }
}